Strike 1,Correlation coefficient 1
3000,
4000,
5000,
6000,
7000,
8000,
9000,
10000,
11000,
12000,
13000,
14000,
15000,
16000,
17000,
17500,
18000,
18500,
19000,
19500,
20000,
20500,
21000,0.6244346848670235
21500,-0.0030457986398181726
22000,-0.2009732110764944
22500,-0.22413535139212837
23000,-0.08111296234007095
23500,-0.29558452824041315
24000,0.10475925797200827
24500,-0.10226544199799958
25000,0.743132912412338
25500,0.7916302459871524
26000,
26500,
28000,
32000,
36000,
