Strike 0,Correlation coefficient 0
21500,
21750,
22000,0.9999746506738556
22250,0.9412750577828578
22500,-0.20321586377143774
22750,0.6988758614948491
23000,0.8012878179333627
23250,-0.8094013076593766
23500,0.8612331729787954
23750,0.5312090023573166
24000,0.21814688014101657
24250,0.05458489198640831
24500,0.9999469278723748
24750,0.3837130591661388
