Strike 0,Correlation coefficient 0
20000,
20500,0.6683496796727929
21000,-0.0075519333992490134
21500,-0.09893104664976066
22000,0.10144365723371988
22500,-0.1663043872163756
23000,-0.06776367163697607
23500,-0.11837569598846243
24000,-0.0480103791774279
24500,-0.012853270373144817
25000,0.1329178031086664
25500,-0.12264356134219193
26000,-0.1862456336668295
26500,0.7068347280784575
