Strike 0,Correlation coefficient 0
20000,
20500,-0.9987562937654754
21000,-0.8996252006329953
21500,-0.9597930127039297
22000,-0.16602262114651087
22500,-0.3847668186285948
23000,-0.1779831550304737
23500,-0.2353632984356816
24000,-0.13327912025858402
24500,-0.2378685528486432
25000,-0.25105817613765147
25500,
26000,0.7530543027628462
26500,0.9999999999999998
