Strike 1,Correlation coefficient 1
3000,
4000,
5000,
6000,
7000,
8000,
9000,
10000,
11000,
12000,
13000,
14000,
15000,
16000,
17000,
17500,
18000,
18500,
19000,
19500,
20000,
20500,
21000,-0.996226942560634
21500,-0.9937135014656437
22000,-0.9011460545250631
22500,-0.8236611174261425
23000,-0.17521428032447775
23500,0.21457254573673817
24000,-0.3026680064813975
24500,-0.05752157212401028
25000,-1.0
25500,
26000,
26500,
28000,
32000,
36000,
