Strike 0,Correlation coefficient 0
20000,
20500,-0.10270413614963843
21000,-0.08178793273816246
21500,0.0020134537659725316
22000,0.630260630415985
22500,0.5072969841982035
23000,0.6274375944545721
23500,0.5197043172344108
24000,0.45913525833902963
24500,0.5084777800802553
25000,0.30462056180689256
25500,0.5064218846371048
26000,0.3754620996126497
26500,0.5136064216279271
