Strike 1,Correlation coefficient 1
3000,
4000,
5000,
6000,
7000,
8000,
9000,
10000,
11000,
12000,
13000,
14000,
15000,
16000,
17000,
17500,
18000,
18500,
19000,
19500,
20000,
20500,
21000,0.4031965054844731
21500,0.3493151121065504
22000,0.21292485971064937
22500,0.09065119052235499
23000,0.470262000716238
23500,0.6585041404421795
24000,0.37047051380199325
24500,0.5036405988377917
25000,-0.2117372954877255
25500,0.14360740923952567
26000,
26500,
28000,
32000,
36000,
