Strike 1,Correlation coefficient 1
3000,
4000,
5000,
6000,
7000,
8000,
9000,
10000,
11000,
12000,
13000,
14000,
15000,
16000,
17000,
17500,
18000,
18500,
19000,
19500,
20000,
20500,
21000,0.03955893452376077
21500,-0.14355786206297275
22000,0.10969222727588267
22500,-0.04027072479157548
23000,-0.09087447614035747
23500,-0.05736608034514672
24000,-0.2590810652180227
24500,0.15341457257604968
25000,-0.42400504128698857
25500,-0.33942033586338155
26000,
26500,
28000,
32000,
36000,
