Strike 0,Correlation coefficient 0
20000,0.27482375750419374
20500,-0.048424699049167484
21000,-0.0839946560817148
21500,-0.045372983747025905
22000,-0.016107883887616043
22500,-0.042602631133757014
23000,0.08200949670086954
23500,-0.15692317955234755
24000,0.008024639906523062
24500,-0.034565786584770754
25000,-0.13000935311057005
25500,0.2216656544624298
26000,0.3260130318256195
26500,0.4684816742595023
