Strike 0,Correlation coefficient 0
20000,
20500,0.1396296708696408
21000,0.5460372772956299
21500,0.30390667602645255
22000,0.34886895600533624
22500,0.05970615256615123
23000,0.13892680317461578
23500,-0.03290527245037452
24000,0.06776554511393595
24500,0.02016039690967254
25000,0.03726654262389969
25500,0.026834929346050952
26000,0.1497031505804387
26500,0.11459495439752684
