Strike 0,Correlation coefficient 0
20000,
20500,0.9982156183045416
21000,0.9879013109327377
21500,0.9956522869703104
22000,0.9960067156897164
22500,0.9951851582212228
23000,0.9953707281214571
23500,0.9837489884225428
24000,0.9795112881534337
24500,0.9726692351275646
25000,0.9583873658854267
25500,
26000,-0.32049118178648617
26500,1.0
